Pico,Ancho FWHM
Pico 1,0.19490000000000007
Pico 2,0.195
Pico 3,0.19500000000000028
Pico 4,0.19499999999999995
Pico 5,0.1949999999999994
Pico 6,0.19490000000000052
Pico 7,0.19500000000000028
Pico 8,0.19490000000000052
