dos diodos,corriente,Temperatura
0.117,-0.00017,295
0.304,-0.00104,295
0.39,-0.0009,295
0.437,-0.00037,295
0.548,-0.00048,295
0.678,-0.00078,295
0.795,-0.00095,295
0.821,-0.00021,295
0.932,-0.00032,295
1.02,-0.0002,295
1.067,0.00033,295
1.126,0.00074,295
1.151,0.00149,295
1.197,0.00203,295
1.209,0.00291,295
1.266,0.00434,295
1.275,0.00525,295
1.291,0.00609,295
1.298,0.00702,295
1.4,0.016,295
1.456,0.02544,295
1.499,0.03501,295
